Subject	Age	Preds	Fold
CR_029	58	49.181170113722956	7
CR_052	54	51.18313297137806	7
CR_059	48	51.588234831091526	7
CR_063	24	37.61019116664386	7
CR_066	35	39.57958900185213	7
CR_078	29	41.7670555780546	7
CR_081	39	47.90310410283693	7
CR_093	51	55.52628285825395	7
CR_099	62	65.04876502312513	7
CR_128	32	41.326056081924726	7
CR_154	44	43.02188751031058	7
CR_165	71	57.7167477192869	7
CR_180	65	58.993212325810326	7
