Subject	Age	Preds	Fold
CR_029	58	47.598578766348396	0
CR_031	42	26.206384526634636	0
CR_037	46	51.792640020795965	0
CR_053	37	40.86998429050059	0
CR_082	33	48.536090201553996	0
CR_099	62	65.48952073687224	0
CR_110	20	34.96081112027248	0
CR_112	67	61.208854301044525	0
CR_113	31	30.6881438812663	0
CR_139	51	60.773578881531854	0
CR_142	52	52.1985873881305	0
CR_166	26	43.028598164937996	0
