Subject	Age	Preds	Fold
CR_121	64	46.41085271317829	3
CR_177	31	46.41085271317829	3
CR_098	27	46.41085271317829	3
CR_095	46	46.41085271317829	3
CR_160	57	46.41085271317829	3
CR_070	22	46.41085271317829	3
CR_069	52	46.41085271317829	3
CR_068	42	46.41085271317829	3
CR_055	38	46.41085271317829	3
CR_139	51	46.41085271317829	3
CR_130	61	46.41085271317829	3
CR_125	34	46.41085271317829	3
CR_035	70	46.41085271317829	3
