Subject	Age	Preds	Fold
CR_116	63	50.53234677193965	0
CR_114	37	42.36501164196017	0
CR_112	67	49.14300472988631	0
CR_110	20	48.90675654639339	0
CR_107	33	42.237767305318165	0
CR_105	42	39.21216108744698	0
CR_184	45	56.97356886511068	0
CR_092	26	46.938543163031696	0
CR_091	30	41.23492956500603	0
CR_156	60	42.107383451744106	0
CR_126	52	44.568712747622065	0
CR_046	48	45.254120173443106	0
CR_045	56	55.899402238892804	0
