Subject	Age	Preds	Fold
CR_036	66	48.18595283978413	8
CR_046	48	38.52404153768614	8
CR_073	72	61.388336861495056	8
CR_100	25	39.1002385595569	8
CR_128	32	39.97723758562392	8
CR_135	41	43.784834248765165	8
CR_171	30	40.08739786962582	8
CR_173	36	50.03393424868624	8
CR_174	52	50.34414532180264	8
CR_176	57	52.43070623330262	8
CR_178	62	61.77139475091194	8
CR_184	45	44.915610962772575	8
