Subject	Age	Preds	Fold
CR_100	25	36.27417417536347	9
CR_089	63	58.33434468120902	9
CR_173	36	47.16790654230559	9
CR_171	30	39.90050350154644	9
CR_075	56	53.00668176706049	9
CR_065	59	50.75394927616291	9
CR_059	48	51.82585289510746	9
CR_057	67	57.81066924911144	9
CR_054	32	38.68610899141717	9
CR_135	41	40.61584342893968	9
CR_044	51	49.772194823427284	9
CR_039	74	66.8354490559536	9
CR_032	45	53.48282890831117	9
