Subject	Age	Preds	Fold
CR_120	39	47.130352756939416	6
CR_109	32	32.4503855126172	6
CR_108	71	69.33283360126273	6
CR_104	23	24.074496474024613	6
CR_180	65	57.069470190953936	6
CR_175	43	41.102395492584286	6
CR_086	29	36.74178696207079	6
CR_083	51	50.04284376717945	6
CR_169	34	44.59522156504354	6
CR_157	62	52.88809838857875	6
CR_152	47	44.87919624754295	6
CR_061	54	51.478259229313494	6
CR_050	58	54.34391831434838	6
