Subject	Age	Preds	Fold
CR_119	52	55.45170179687577	2
CR_088	27	50.77467786415061	2
CR_077	57	45.765628505809026	2
CR_151	50	58.06819623436871	2
CR_150	34	50.18812144136495	2
CR_074	31	42.51069137047041	2
CR_064	69	47.732450555587846	2
CR_136	37	46.06953424415256	2
CR_034	46	51.8024276054169	2
CR_031	42	38.41707309688819	2
CR_030	61	46.2129139073535	2
CR_028	64	51.32561149126191	2
CR_027	22	48.269137587078966	2
