Subject	Age	Preds	Fold
CR_116	63	51.06667618525598	0
CR_114	37	45.96120021390257	0
CR_112	67	48.15902783732011	0
CR_110	20	33.80514059186736	0
CR_107	33	48.111198974351524	0
CR_105	42	42.78977491191891	0
CR_184	45	37.70480572459692	0
CR_092	26	38.075045832881045	0
CR_091	30	48.553916664876354	0
CR_156	60	52.68640308301566	0
CR_126	52	43.306186849738545	0
CR_046	48	44.553728820482995	0
CR_045	56	36.976390733750016	0
