Subject	Age	Preds	Fold
CR_034	46	45.70542324009533	3
CR_052	54	50.030910835607905	3
CR_055	38	38.263189066204596	3
CR_072	69	54.53678749516229	3
CR_083	51	45.62107435789346	3
CR_084	60	55.24908844100379	3
CR_089	63	56.56097910678588	3
CR_111	22	24.86792777334411	3
CR_125	34	41.84165430556833	3
CR_172	28	36.455102150434755	3
CR_175	43	44.119691633589255	3
CR_177	31	28.032671977145643	3
