Subject	Age	Preds	Fold
CR_039	74	61.04535453943201	10
CR_069	52	58.28033409927901	10
CR_071	67	70.11353603961001	10
CR_091	30	33.414740179999626	10
CR_092	26	34.446958240733	10
CR_134	57	57.21165928066004	10
CR_137	42	38.50631673240255	10
CR_146	62	40.54032383559518	10
CR_147	37	31.64102834978037	10
CR_151	50	48.177182637808805	10
CR_161	45	38.60302088401324	10
CR_168	33	30.797193839801174	10
