Subject	Age	Preds	Fold
CR_035	70	56.08140242299443	4
CR_041	60	62.65669906680856	4
CR_042	43	50.665561603886886	4
CR_043	23	43.398281650342845	4
CR_044	51	59.130343870594864	4
CR_054	32	43.16630220037299	4
CR_090	63	56.04480826682076	4
CR_115	28	33.434594643013746	4
CR_133	38	55.98515971910071	4
CR_140	55	41.35859471001516	4
CR_152	47	54.88549361509319	4
CR_169	34	38.13285115197313	4
