Subject	Age	Preds	Fold
CR_178	62	73.0698958928569	5
CR_176	57	53.63506604503151	5
CR_085	51	46.37950935342804	5
CR_079	53	44.33332852736819	5
CR_076	65	60.21865615339421	5
CR_172	28	35.25630340937321	5
CR_165	71	56.70343234426085	5
CR_164	34	45.51873087330987	5
CR_153	46	44.783064626941794	5
CR_138	43	44.24451615276509	5
CR_133	38	55.599684989137366	5
CR_128	32	32.35271285231562	5
CR_043	23	23.653284995814015	5
