Subject	Age	Preds	Fold
CR_096	66	43.529264345473095	7
CR_093	51	45.42536061876129	7
CR_081	39	47.827214215516975	7
CR_078	29	47.205721327425294	7
CR_167	48	45.75453813401212	7
CR_155	32	46.56402042417049	7
CR_154	44	45.61959855980876	7
CR_073	72	45.759499316206316	7
CR_063	24	46.3456497179162	7
CR_052	54	46.30835278901805	7
CR_146	62	42.18381120788145	7
CR_048	35	45.400060725492736	7
CR_029	58	48.412546591453925	7
