Subject	Age	Preds	Fold
CR_121	64	54.01444119723784	3
CR_177	31	26.030658035445676	3
CR_098	27	19.441192792475572	3
CR_095	46	37.94471480092769	3
CR_160	57	47.571082561788536	3
CR_070	22	27.092847037031383	3
CR_069	52	47.55471350817842	3
CR_068	42	38.4499412176789	3
CR_055	38	40.41819750358175	3
CR_139	51	50.96296920812347	3
CR_130	61	52.36981450074777	3
CR_125	34	36.80902162952961	3
CR_035	70	67.91363040133866	3
