Subject	Age	Preds	Fold
CR_096	66	50.97813095911502	7
CR_093	51	50.60252654047747	7
CR_081	39	44.01505522116227	7
CR_078	29	30.506313476384378	7
CR_167	48	47.233376214022165	7
CR_155	32	42.76617150569379	7
CR_154	44	43.671694276225	7
CR_073	72	62.30616322280244	7
CR_063	24	32.53574485082635	7
CR_052	54	53.334525181278806	7
CR_146	62	48.40399423657671	7
CR_048	35	49.70373652916882	7
CR_029	58	48.00138015459531	7
