Subject	Age	Preds	Fold
CR_030	61	50.54035081418196	3
CR_031	42	29.51372414829144	3
CR_037	46	44.345380781477964	3
CR_044	51	46.897112047882814	3
CR_070	22	22.26362384960645	3
CR_072	69	55.34712247261648	3
CR_074	31	37.32913674342246	3
CR_088	27	32.963814566498826	3
CR_119	52	44.6142181676627	3
CR_125	34	37.083542638508206	3
CR_133	38	58.25693787724907	3
CR_134	57	61.25624387270808	3
CR_145	64	54.139771827962775	3
