Subject	Age	Preds	Fold
CR_036	66	44.70243149176181	8
CR_046	48	36.4728626478848	8
CR_073	72	53.86534357864403	8
CR_100	25	31.430290113337218	8
CR_128	32	32.61184614697442	8
CR_135	41	39.775388582411956	8
CR_171	30	44.67575167182234	8
CR_173	36	49.06301625768652	8
CR_174	52	44.36963376962551	8
CR_176	57	56.48151708442833	8
CR_178	62	54.072336096433276	8
CR_184	45	41.540999775312606	8
