Subject	Age	Preds	Fold
CR_124	26	46.88548647945078	10
CR_117	56	52.34254239785056	10
CR_101	41	40.039950367920405	10
CR_094	45	46.070967941319324	10
CR_090	63	57.038460898326015	10
CR_082	33	48.58114227851716	10
CR_170	30	41.25478961698775	10
CR_071	67	61.33744118219741	10
CR_062	48	43.17516794517714	10
CR_053	37	38.3780209623242	10
CR_142	52	46.38303909902045	10
CR_041	60	62.7188382076226	10
