Subject	Age	Preds	Fold
CR_121	64	53.29956061263825	3
CR_177	31	29.394392662631837	3
CR_098	27	19.1739350389502	3
CR_095	46	37.31318846345816	3
CR_160	57	52.156308875440985	3
CR_070	22	23.589322588106622	3
CR_069	52	48.21477464768621	3
CR_068	42	37.11126343609925	3
CR_055	38	41.973948279916925	3
CR_139	51	52.01532886532655	3
CR_130	61	54.360036757455674	3
CR_125	34	38.96318672238687	3
CR_035	70	66.85028137234536	3
