Subject	Age	Preds	Fold
CR_124	26	46.242509346408106	10
CR_117	56	51.0732854257224	10
CR_101	41	39.39974080950141	10
CR_094	45	45.47020490034301	10
CR_090	63	57.530095790894364	10
CR_082	33	48.915918361566476	10
CR_170	30	41.96727840972501	10
CR_071	67	61.25071331324824	10
CR_062	48	43.639147229529314	10
CR_053	37	38.24935217870079	10
CR_142	52	46.25788143078539	10
CR_041	60	62.830457976875934	10
