Subject	Age	Preds	Fold
CR_096	66	49.003827379359585	7
CR_093	51	54.51710130577092	7
CR_081	39	44.28597989639528	7
CR_078	29	38.48552100893106	7
CR_167	48	51.366232567841024	7
CR_155	32	43.42080277053064	7
CR_154	44	44.69394193860425	7
CR_073	72	61.48232072068692	7
CR_063	24	39.45334182674934	7
CR_052	54	51.402870014163774	7
CR_146	62	47.153782782840445	7
CR_048	35	47.366663323197045	7
CR_029	58	41.71612134710236	7
