Subject	Age	Preds	Fold
CR_122	59	46.224806201550386	8
CR_103	30	46.224806201550386	8
CR_186	44	46.224806201550386	8
CR_182	51	46.224806201550386	8
CR_181	48	46.224806201550386	8
CR_163	63	46.224806201550386	8
CR_162	32	46.224806201550386	8
CR_159	24	46.224806201550386	8
CR_066	35	46.224806201550386	8
CR_140	55	46.224806201550386	8
CR_131	72	46.224806201550386	8
CR_049	40	46.224806201550386	8
CR_036	66	46.224806201550386	8
