Subject	Age	Preds	Fold
CR_119	52	50.26217735606873	2
CR_088	27	35.15635835927503	2
CR_077	57	64.5557307509651	2
CR_151	50	53.02058780279423	2
CR_150	34	46.29434930412059	2
CR_074	31	43.082183548889425	2
CR_064	69	62.77741666242893	2
CR_136	37	33.70396344686023	2
CR_034	46	47.19518912455513	2
CR_031	42	33.09592374891704	2
CR_030	61	53.82365122244639	2
CR_028	64	54.14375789884151	2
CR_027	22	21.097390593092125	2
