Subject	Age	Preds	Fold
CR_097	57	46.894404200682274	3
CR_088	27	29.67897553867095	3
CR_083	51	46.47467899630648	3
CR_150	34	42.96087316389974	3
CR_074	31	39.95233469760164	3
CR_072	69	61.851875747666995	3
CR_070	22	26.51418814829939	3
CR_069	52	51.97678296006062	3
CR_137	42	50.83493381795597	3
CR_040	38	42.68526121643125	3
CR_037	46	42.61557677293848	3
CR_030	61	50.72601874417596	3
CR_028	64	59.208738547564735	3
