Subject	Age	Preds	Fold
CR_096	66	50.867946499434154	7
CR_093	51	40.641981532403086	7
CR_081	39	39.968020366270075	7
CR_078	29	41.431756923764844	7
CR_167	48	47.80910097061437	7
CR_155	32	47.38512756897562	7
CR_154	44	42.32249957353518	7
CR_073	72	44.76824867925615	7
CR_063	24	36.56411984763384	7
CR_052	54	52.035815068490145	7
CR_146	62	39.08084260827512	7
CR_048	35	48.369400594609075	7
CR_029	58	53.40894175899548	7
