Subject	Age	Preds	Fold
CR_178	62	63.14504918534435	5
CR_176	57	51.01514885171142	5
CR_085	51	58.017746583964346	5
CR_079	53	52.75852231973274	5
CR_076	65	59.2839763623401	5
CR_172	28	24.419834685130436	5
CR_165	71	69.33998761805265	5
CR_164	34	37.00449567061209	5
CR_153	46	46.11739021885336	5
CR_138	43	45.38693745368114	5
CR_133	38	55.28102256820154	5
CR_128	32	31.985960204176713	5
CR_043	23	26.019190007929865	5
