Subject	Age	Preds	Fold
CR_120	39	46.46428984372571	6
CR_109	32	39.540876419625434	6
CR_108	71	47.6899945009656	6
CR_104	23	44.53837805844068	6
CR_180	65	57.630166157429365	6
CR_175	43	40.35108863530013	6
CR_086	29	44.30522465292232	6
CR_083	51	42.414549974627356	6
CR_169	34	48.201525211909654	6
CR_157	62	44.6568421819115	6
CR_152	47	44.43669012759067	6
CR_061	54	55.89380431055892	6
CR_050	58	55.35417464282904	6
