Subject	Age	Preds	Fold
CR_087	31	30.626151915342415	1
CR_084	60	57.75301360681192	1
CR_168	33	32.42654742198659	1
CR_166	26	33.92850669419116	1
CR_161	45	41.32266828694477	1
CR_072	69	60.94934634888274	1
CR_147	37	38.198722116004376	1
CR_145	64	59.29160483037281	1
CR_144	52	42.63344713096458	1
CR_137	42	45.68966033612014	1
CR_134	57	55.34887535677777	1
CR_129	50	59.21390638619387	1
CR_038	21	31.747977541841458	1
