Subject	Age	Preds	Fold
CR_087	31	33.87546286579567	1
CR_084	60	44.97131417512077	1
CR_168	33	50.14350110171955	1
CR_166	26	44.19475815278863	1
CR_161	45	46.17576563110707	1
CR_072	69	41.61109312098042	1
CR_147	37	46.08712785311128	1
CR_145	64	65.11973210496453	1
CR_144	52	40.20474276934152	1
CR_137	42	44.94353369651672	1
CR_134	57	47.90003257820089	1
CR_129	50	58.13686112279103	1
CR_038	21	51.36736809708624	1
