Subject	Age	Preds	Fold
CR_122	59	57.546581085669445	9
CR_100	25	34.01969436370257	9
CR_094	45	45.79856606149886	9
CR_085	51	45.47727476108827	9
CR_173	36	55.01937045570922	9
CR_171	30	39.6487792898533	9
CR_163	63	52.947791978343446	9
CR_059	48	47.72346787870053	9
CR_054	32	37.54785467856556	9
CR_140	55	49.8918646552504	9
CR_135	41	41.26464555320758	9
CR_131	72	70.3471882803568	9
CR_036	66	52.38020715823306	9
