Subject	Age	Preds	Fold
CR_121	64	50.1008058532589	3
CR_177	31	40.842538566085366	3
CR_098	27	36.90117236915487	3
CR_095	46	44.126619225446206	3
CR_160	57	48.51253801939881	3
CR_070	22	45.86214271658668	3
CR_069	52	39.243907840956666	3
CR_068	42	46.765903668291976	3
CR_055	38	40.856996308882444	3
CR_139	51	42.99580875018315	3
CR_130	61	46.077789417812276	3
CR_125	34	31.889553401072313	3
CR_035	70	53.95566556329024	3
