Subject	Age	Preds	Fold
CR_030	61	51.34421622598663	6
CR_047	71	62.541255073344644	6
CR_048	35	51.22613601090421	6
CR_059	48	51.929951456151045	6
CR_077	57	63.128380830643444	6
CR_078	29	36.03293001407958	6
CR_081	39	44.03602486986441	6
CR_093	51	51.14492647402111	6
CR_109	32	27.662563739299706	6
CR_145	64	58.96970064282833	6
CR_154	44	40.64886806338073	6
CR_159	24	36.58022040860289	6
