Subject	Age	Preds	Fold
CR_124	26	46.95989002622529	10
CR_112	67	56.078610133579744	10
CR_101	41	35.95879684842933	10
CR_181	48	51.411200603130474	10
CR_174	52	41.671790064422964	10
CR_090	63	57.06856173217612	10
CR_170	30	43.62414274186363	10
CR_168	33	35.26828405183308	10
CR_161	45	41.046652851885916	10
CR_075	56	48.991646152856994	10
CR_065	59	49.941239863708596	10
CR_053	37	35.81682332117718	10
CR_039	74	63.60747048710131	10
