Subject	Age	Preds	Fold
CR_116	63	63.55187240141882	0
CR_114	37	39.64455330659568	0
CR_112	67	58.54028618341315	0
CR_110	20	28.055548303066107	0
CR_107	33	35.12737571107272	0
CR_105	42	37.23897852187068	0
CR_184	45	44.72599279031113	0
CR_092	26	30.68164349738849	0
CR_091	30	38.83736556463729	0
CR_156	60	50.82393188450523	0
CR_126	52	40.03041344293996	0
CR_046	48	40.43096912051693	0
CR_045	56	49.000316242359894	0
