Subject	Age	Preds	Fold
CR_087	31	31.37319343209439	1
CR_084	60	60.08022823222311	1
CR_168	33	32.1407434287332	1
CR_166	26	30.872018678533607	1
CR_161	45	43.16838826660261	1
CR_072	69	57.39216800449001	1
CR_147	37	41.45258981584467	1
CR_145	64	55.8843896021112	1
CR_144	52	44.05937359540114	1
CR_137	42	48.99187885791193	1
CR_134	57	57.58206582862234	1
CR_129	50	61.324934331621	1
CR_038	21	29.814454396575503	1
