Subject	Age	Preds	Fold
CR_100	25	47.21927296083072	9
CR_089	63	53.55220236771018	9
CR_173	36	52.3757851415386	9
CR_171	30	38.942883583361656	9
CR_075	56	42.74862414347515	9
CR_065	59	52.862120282081264	9
CR_059	48	46.97995694262673	9
CR_057	67	45.614287195978825	9
CR_054	32	41.97036323820478	9
CR_135	41	52.58650241602149	9
CR_044	51	46.37322052633219	9
CR_039	74	44.018983574998536	9
CR_032	45	52.9454653637716	9
