Subject	Age	Preds	Fold
CR_087	31	34.35652309233235	1
CR_084	60	62.952558087974325	1
CR_168	33	34.740183480426744	1
CR_166	26	29.731877875614522	1
CR_161	45	45.96200995000021	1
CR_072	69	65.93435300947364	1
CR_147	37	38.76923762821485	1
CR_145	64	52.68284932022533	1
CR_144	52	49.30503049345217	1
CR_137	42	45.60953890806792	1
CR_134	57	60.22203566238018	1
CR_129	50	53.95759782705508	1
CR_038	21	23.31065466703493	1
