Subject	Age	Preds	Fold
CR_124	26	66.53180807155674	10
CR_117	56	41.725349355810444	10
CR_101	41	40.94791349302578	10
CR_094	45	55.14583916364942	10
CR_090	63	51.124310579726455	10
CR_082	33	43.67629569436919	10
CR_170	30	29.570512444256547	10
CR_071	67	48.61874395520137	10
CR_062	48	39.19942901905084	10
CR_053	37	45.94621648343403	10
CR_142	52	44.9879765876293	10
CR_041	60	67.46402056064103	10
