Subject	Age	Preds	Fold
CR_087	31	50.56578667156159	1
CR_084	60	58.39548743448104	1
CR_168	33	41.722647580752444	1
CR_166	26	41.525714754007254	1
CR_161	45	47.040196354476514	1
CR_072	69	55.43908739095635	1
CR_147	37	39.41351591162698	1
CR_145	64	33.838919250694076	1
CR_144	52	49.97520435493689	1
CR_137	42	44.757561782266094	1
CR_134	57	52.793513261187336	1
CR_129	50	45.1885052377934	1
CR_038	21	31.161611862757276	1
