Subject	Age	Preds	Fold
CR_122	59	43.87388287137894	8
CR_103	30	36.7303075517235	8
CR_186	44	49.88733584811015	8
CR_182	51	45.73567642287832	8
CR_181	48	59.58581351743302	8
CR_163	63	49.22553166158086	8
CR_162	32	45.53791693182594	8
CR_159	24	45.37525677287597	8
CR_066	35	44.597809049564965	8
CR_140	55	44.75102385773649	8
CR_131	72	51.49660178314549	8
CR_049	40	49.288526960614	8
CR_036	66	42.66350838402254	8
