Subject	Age	Preds	Fold
CR_036	66	45.8113949472047	8
CR_046	48	40.4989771503106	8
CR_073	72	61.442961573253555	8
CR_100	25	36.950682555817295	8
CR_128	32	37.35295918048668	8
CR_135	41	44.196989289057676	8
CR_171	30	41.14681531155405	8
CR_173	36	47.97637728754832	8
CR_174	52	50.729372503937576	8
CR_176	57	52.769225756357564	8
CR_178	62	61.30349025731123	8
CR_184	45	43.08008829937246	8
