Subject	Age	Preds	Fold
CR_045	56	50.921161738756496	5
CR_086	29	39.9405045907633	5
CR_104	23	37.04516287897262	5
CR_108	71	57.18326710278012	5
CR_120	39	39.208800237808575	5
CR_121	64	54.06874447397861	5
CR_138	43	48.62561149846667	5
CR_155	32	37.69315507429895	5
CR_156	60	51.49759222768057	5
CR_164	34	27.122456114611847	5
CR_181	48	51.95171814024604	5
CR_182	51	48.042543466921025	5
