Subject	Age	Preds	Fold
CR_115	28	34.068026667041934	4
CR_113	31	37.54271128648848	4
CR_111	22	22.675365290437355	4
CR_106	51	44.65641668469709	4
CR_174	52	46.72233452204308	4
CR_099	62	57.07809203842891	4
CR_097	57	45.30268775735177	4
CR_080	34	40.6659569291937	4
CR_143	65	61.83173925506556	4
CR_047	71	64.98615256165391	4
CR_042	43	44.917985875007474	4
CR_040	38	44.002127896443675	4
CR_037	46	46.16566348368017	4
