Subject	Age	Preds	Fold
CR_124	26	47.887149211840565	10
CR_112	67	54.892804279055284	10
CR_101	41	37.69274582682442	10
CR_181	48	51.10103479001502	10
CR_174	52	43.747849744387736	10
CR_090	63	56.00304293320235	10
CR_170	30	42.96313907697602	10
CR_168	33	35.38573154150468	10
CR_161	45	39.69024029537953	10
CR_075	56	50.52365952313475	10
CR_065	59	49.89458786075308	10
CR_053	37	36.01361420755298	10
CR_039	74	63.31317619490292	10
