Subject	Age	Preds	Fold
CR_121	64	51.672955265232595	2
CR_114	37	46.1406517989235	2
CR_105	42	35.514216610934476	2
CR_098	27	24.263652539561306	2
CR_095	46	34.880848987070806	2
CR_087	31	36.32214209472445	2
CR_077	57	65.63148980097148	2
CR_169	34	29.75061296462915	2
CR_064	69	61.76509106926367	2
CR_129	50	65.42280223585904	2
CR_126	52	41.70241327305649	2
CR_041	60	61.64102161331106	2
CR_027	22	25.09609754747227	2
