Subject	Age	Preds	Fold
CR_178	62	63.80794878729009	5
CR_176	57	51.71135088495656	5
CR_085	51	46.26935759933975	5
CR_079	53	46.07216275390899	5
CR_076	65	57.26409945597389	5
CR_172	28	42.5794256597112	5
CR_165	71	59.64136961834669	5
CR_164	34	40.65608168736724	5
CR_153	46	51.36746721499467	5
CR_138	43	48.61309846326194	5
CR_133	38	57.980469048645176	5
CR_128	32	35.091031357361985	5
CR_043	23	24.829892835626996	5
