Subject	Age	Preds	Fold
CR_122	59	60.27902957444797	8
CR_103	30	34.307352901277014	8
CR_186	44	39.45183578939381	8
CR_182	51	53.08637825714888	8
CR_181	48	46.00224519501695	8
CR_163	63	59.952187897477515	8
CR_162	32	38.99632971953207	8
CR_159	24	25.376808979370374	8
CR_066	35	39.728078251168284	8
CR_140	55	52.73892140537142	8
CR_131	72	75.9621877634423	8
CR_049	40	38.85270633379598	8
CR_036	66	66.94903940505795	8
