Subject	Age	Preds	Fold
CR_120	39	43.040684471114815	6
CR_109	32	29.921332877201113	6
CR_108	71	67.8219136697654	6
CR_104	23	25.162842606364244	6
CR_180	65	58.07779765029105	6
CR_175	43	41.56936357401449	6
CR_086	29	36.6025257949963	6
CR_083	51	49.126156626163954	6
CR_169	34	36.705733024146134	6
CR_157	62	56.85124277741486	6
CR_152	47	47.44796055408575	6
CR_061	54	59.05704620854875	6
CR_050	58	48.61277298538712	6
