Subject	Age	Preds	Fold
CR_115	28	33.50120661478459	4
CR_113	31	38.196950914314925	4
CR_111	22	24.08289514413785	4
CR_106	51	39.82304510422445	4
CR_174	52	43.52546202574092	4
CR_099	62	55.14724569744014	4
CR_097	57	43.69001227714177	4
CR_080	34	36.339720814481794	4
CR_143	65	59.392218314477404	4
CR_047	71	75.02031657898075	4
CR_042	43	53.251125481870844	4
CR_040	38	38.63226193949305	4
CR_037	46	48.51931966815786	4
