Subject	Age	Preds	Fold
CR_122	59	59.54797379052402	8
CR_103	30	34.69365784332966	8
CR_186	44	45.14720771685515	8
CR_182	51	50.68865081473986	8
CR_181	48	54.234008579888204	8
CR_163	63	56.36242711871832	8
CR_162	32	38.86691068490495	8
CR_159	24	35.96290043290402	8
CR_066	35	38.640593204055975	8
CR_140	55	46.49212403190097	8
CR_131	72	65.12765311564186	8
CR_049	40	43.11002201976518	8
CR_036	66	51.41338616950357	8
