Subject	Age	Preds	Fold
CR_116	63	66.92798253503236	0
CR_114	37	44.03908381390846	0
CR_112	67	59.01113004961965	0
CR_110	20	27.490073518065337	0
CR_107	33	35.1078674949338	0
CR_105	42	37.08481622871372	0
CR_184	45	49.44245165330882	0
CR_092	26	33.03789583263078	0
CR_091	30	39.15854785703545	0
CR_156	60	45.75616572036393	0
CR_126	52	39.82132557974965	0
CR_046	48	38.87080476525374	0
CR_045	56	48.39565464763294	0
