Subject	Age	Preds	Fold
CR_184	45	37.34685143163472	1
CR_177	31	32.47037034848661	1
CR_089	63	56.71174790349002	1
CR_082	33	50.40801455332469	1
CR_166	26	32.45148298666945	1
CR_156	60	49.67737827446864	1
CR_151	50	54.91267594009173	1
CR_071	67	62.0271616643542	1
CR_068	42	34.93560492722957	1
CR_142	52	49.5731090067443	1
CR_136	37	32.93183764930464	1
CR_045	56	52.99998434521893	1
CR_038	21	30.15733510107231	1
