Subject	Age	Preds	Fold
CR_039	74	66.48562862199086	10
CR_069	52	44.94358200855398	10
CR_071	67	60.10462595942715	10
CR_091	30	35.518868705898996	10
CR_092	26	33.42244284263385	10
CR_134	57	59.894038155050424	10
CR_137	42	49.549829929657804	10
CR_146	62	43.37314537616292	10
CR_147	37	39.890676354961904	10
CR_151	50	52.21869834997414	10
CR_161	45	43.82413800129826	10
CR_168	33	36.12796949686209	10
