Subject	Age	Preds	Fold
CR_116	63	63.636303733312005	0
CR_114	37	39.58988027020111	0
CR_112	67	58.83195275332913	0
CR_110	20	27.916506415919194	0
CR_107	33	35.442654270936075	0
CR_105	42	37.15916526227518	0
CR_184	45	44.941636064516416	0
CR_092	26	30.50291366901994	0
CR_091	30	38.926286936166136	0
CR_156	60	50.8160465998977	0
CR_126	52	40.14600639514336	0
CR_046	48	40.70945636201077	0
CR_045	56	48.71766466778832	0
