Subject	Age	Preds	Fold
CR_039	74	64.09893433565895	10
CR_069	52	48.44885292869622	10
CR_071	67	62.36984443245403	10
CR_091	30	35.966132853073475	10
CR_092	26	29.939125315038638	10
CR_134	57	57.030846131601535	10
CR_137	42	44.88526671067533	10
CR_146	62	43.87832202745426	10
CR_147	37	39.47163015799504	10
CR_151	50	49.49475295729323	10
CR_161	45	41.39022817266818	10
CR_168	33	34.61431752243509	10
