Subject	Age	Preds	Fold
CR_032	45	49.9143803258503	9
CR_036	66	50.53408189544882	9
CR_065	59	52.49984036508008	9
CR_073	72	60.43722753198334	9
CR_083	51	44.98132846786306	9
CR_100	25	36.85357644989362	9
CR_101	41	36.85915187202383	9
CR_103	30	34.270736408579474	9
CR_140	55	52.98654803815677	9
CR_162	32	36.52439357669812	9
CR_163	63	55.15050672570946	9
CR_167	48	53.18486331859889	9
CR_173	36	45.68841880050456	9
