Subject	Age	Preds	Fold
CR_119	52	47.65668569514045	0
CR_117	56	42.53031245242441	0
CR_116	63	54.96371441872521	0
CR_110	20	33.82304129213391	0
CR_107	33	38.908096860029886	0
CR_103	30	36.67422957566997	0
CR_092	26	30.09962878855609	0
CR_084	60	56.681883135241115	0
CR_167	48	51.99115135185974	0
CR_057	67	64.65957743797505	0
CR_147	37	42.26361048609415	0
CR_032	45	49.766721353374265	0
CR_031	42	28.174776859181094	0
