Subject	Age	Preds	Fold
CR_118	53	48.36388187664716	5
CR_115	28	36.16660828903002	5
CR_080	34	38.41337010753794	5
CR_160	57	47.99748083416682	5
CR_153	46	47.60035828111226	5
CR_146	62	54.29966674103645	5
CR_143	65	62.55789330794944	5
CR_138	43	45.90268007991744	5
CR_133	38	56.54242319685237	5
CR_128	32	33.81551763261898	5
CR_047	71	63.24838598381073	5
CR_044	51	45.953384680886145	5
CR_043	23	26.80014807796927	5
