Subject	Age	Preds	Fold
CR_029	58	50.39954266028126	0
CR_031	42	31.687887632882763	0
CR_037	46	45.67873240281581	0
CR_053	37	38.077757177118116	0
CR_082	33	50.43464033764761	0
CR_099	62	58.571671756495306	0
CR_110	20	33.77114218592784	0
CR_112	67	59.82904239322486	0
CR_113	31	42.48480027991517	0
CR_139	51	53.256386198081664	0
CR_142	52	45.07140730523246	0
CR_166	26	29.58693039727288	0
