Subject	Age	Preds	Fold
CR_124	26	23.467106155714674	10
CR_117	56	48.21630822553554	10
CR_101	41	49.802881859084756	10
CR_094	45	34.91272127470152	10
CR_090	63	46.11481557322266	10
CR_082	33	47.84883283201153	10
CR_170	30	57.933002577841755	10
CR_071	67	49.300835794561365	10
CR_062	48	53.76153374213809	10
CR_053	37	45.843161284685806	10
CR_142	52	46.44467777758782	10
CR_041	60	33.862507190961544	10
