Subject	Age	Preds	Fold
CR_113	31	37.736064723506786	4
CR_111	22	23.721515211838827	4
CR_093	51	54.07411396114546	4
CR_172	28	37.32017279153846	4
CR_164	34	39.90632901367169	4
CR_055	38	46.18679551799956	4
CR_145	64	53.748689834579736	4
CR_144	52	46.29056625112233	4
CR_134	57	60.421703063053194	4
CR_130	61	55.88202064464666	4
CR_042	43	50.11515418227886	4
CR_035	70	69.74468477490191	4
CR_034	46	46.08769034271241	4
