Subject	Age	Preds	Fold
CR_120	39	43.04076762169906	6
CR_109	32	29.922586860929158	6
CR_108	71	67.8224728736857	6
CR_104	23	25.163252984622126	6
CR_180	65	58.07827122355811	6
CR_175	43	41.56755934487715	6
CR_086	29	36.60388421458384	6
CR_083	51	49.12734820781684	6
CR_169	34	36.70874734062229	6
CR_157	62	56.85540043545941	6
CR_152	47	47.44933254987421	6
CR_061	54	59.056474925420645	6
CR_050	58	48.61157690626655	6
