Subject	Age	Preds	Fold
CR_122	59	58.632838437588276	8
CR_103	30	30.467276798240377	8
CR_186	44	47.836965565279876	8
CR_182	51	52.9314997082315	8
CR_181	48	58.577379166298584	8
CR_163	63	54.34955496377856	8
CR_162	32	37.38657540726854	8
CR_159	24	36.58554536419171	8
CR_066	35	41.66689062464059	8
CR_140	55	45.36802813405988	8
CR_131	72	70.17595075390385	8
CR_049	40	39.24349320016444	8
CR_036	66	48.43963109576238	8
