Subject	Age	Preds	Fold
CR_041	60	63.257157712684375	0
CR_053	37	40.284041088035785	0
CR_075	56	55.376269066992464	0
CR_089	63	59.48461150148062	0
CR_110	20	31.469327623336262	0
CR_112	67	59.10097144522824	0
CR_126	52	44.694341974821675	0
CR_137	42	48.58834858122758	0
CR_166	26	27.360527865975147	0
CR_168	33	34.94040071164756	0
CR_170	30	40.39970078054826	0
CR_181	48	50.22391058431736	0
CR_184	45	40.39122325812311	0
