Subject	Age	Preds	Fold
CR_109	32	28.051128443325805	6
CR_104	23	26.59022792624654	6
CR_182	51	50.83982011293223	6
CR_176	57	55.916876411083095	6
CR_175	43	37.56162662757642	6
CR_086	29	37.788814615819206	6
CR_081	39	45.17971205826619	6
CR_079	53	48.48397742001863	6
CR_076	65	57.26299523877627	6
CR_165	71	58.75722680314495	6
CR_157	62	58.380197166871305	6
CR_152	47	46.083242414018116	6
CR_125	34	36.449297289050584	6
