Subject	Age	Preds	Fold
CR_106	51	47.65412662978175	8
CR_178	62	63.77766807549598	8
CR_096	66	49.89847071109346	8
CR_091	30	31.495142927431026	8
CR_159	24	35.32632492626793	8
CR_155	32	40.14538927769793	8
CR_154	44	43.92862175240823	8
CR_073	72	63.51036172337708	8
CR_062	48	49.411196094145325	8
CR_052	54	52.643197046841124	8
CR_049	40	40.48330111760221	8
CR_048	35	48.79340779372484	8
CR_029	58	49.82825499334416	8
