Subject	Age	Preds	Fold
CR_087	31	31.096042537627298	1
CR_084	60	60.017736720507294	1
CR_168	33	32.108226454738194	1
CR_166	26	30.753785410053503	1
CR_161	45	43.27418639231022	1
CR_072	69	57.20366354333223	1
CR_147	37	41.4968318336899	1
CR_145	64	55.783901354859246	1
CR_144	52	44.104716720911796	1
CR_137	42	48.874408063717404	1
CR_134	57	57.30743553630247	1
CR_129	50	60.972351133494435	1
CR_038	21	29.844874001569007	1
