Subject	Age	Preds	Fold
CR_038	21	31.65861206807535	1
CR_057	67	64.31674994963169	1
CR_074	31	42.98836775964559	1
CR_080	34	41.039957096770316	1
CR_098	27	19.97957960029164	1
CR_105	42	34.49797099458373	1
CR_106	51	43.06960827641862	1
CR_114	37	44.29034902213636	1
CR_116	63	60.414639094128724	1
CR_118	53	49.34137640220438	1
CR_122	59	52.84961809628149	1
CR_153	46	51.198216322261864	1
