Subject	Age	Preds	Fold
CR_120	39	46.3782618340623	7
CR_108	71	68.33719703886484	7
CR_186	44	50.56753894603173	7
CR_180	65	58.79893352574159	7
CR_099	62	61.46331264252814	7
CR_078	29	30.835285699754664	7
CR_162	32	36.63116029299474	7
CR_066	35	38.28690566393577	7
CR_063	24	32.53903231033266	7
CR_061	54	52.77398487955053	7
CR_139	51	56.30851130623315	7
CR_050	58	45.793030880629246	7
CR_046	48	44.598519091053	7
