Subject	Age	Preds	Fold
CR_109	32	28.617751259891666	6
CR_104	23	27.437807580636374	6
CR_182	51	51.2411882534644	6
CR_176	57	57.67506503908075	6
CR_175	43	38.98091433694764	6
CR_086	29	37.17472194802002	6
CR_081	39	44.73845752186354	6
CR_079	53	47.60184632317283	6
CR_076	65	59.50649320580099	6
CR_165	71	58.68422600966841	6
CR_157	62	57.419696219030214	6
CR_152	47	46.15042174443636	6
CR_125	34	37.89097386713151	6
