Subject	Age	Preds	Fold
CR_106	51	51.04828570271588	8
CR_178	62	56.62609349576998	8
CR_096	66	53.327255489511096	8
CR_091	30	31.103312828453618	8
CR_159	24	35.38345042497941	8
CR_155	32	39.07222533379665	8
CR_154	44	46.13136534287359	8
CR_073	72	59.036095784009404	8
CR_062	48	52.27043365199956	8
CR_052	54	48.10428714260188	8
CR_049	40	37.90415911648575	8
CR_048	35	49.659175340390185	8
CR_029	58	52.3094552934647	8
