Subject	Age	Preds	Fold
CR_032	45	43.496981646877444	7
CR_049	40	30.213208895747893	7
CR_063	24	42.290320117070294	7
CR_066	35	44.49924569717125	7
CR_097	57	45.10782028856877	7
CR_126	52	41.10696579198021	7
CR_130	61	55.328370484200946	7
CR_143	65	73.09947535710066	7
CR_162	32	35.829904239940646	7
CR_165	71	56.83713099502273	7
CR_167	48	48.61507235409391	7
CR_170	30	36.76296994397864	7
