Subject	Age	Preds	Fold
CR_118	53	53.39167014155872	5
CR_115	28	35.64723396211478	5
CR_080	34	36.48914109133941	5
CR_160	57	49.3139672367478	5
CR_153	46	49.44660987774386	5
CR_146	62	54.17840083409081	5
CR_143	65	61.33426628654145	5
CR_138	43	47.94408481159394	5
CR_133	38	60.64762869815335	5
CR_128	32	33.47823848305926	5
CR_047	71	65.2546321390262	5
CR_044	51	47.48395448164994	5
CR_043	23	24.182422458856923	5
