Subject	Age	Preds	Fold
CR_122	59	56.497129377883134	9
CR_100	25	36.04159537838771	9
CR_094	45	49.10425615586071	9
CR_085	51	48.51923578217368	9
CR_173	36	50.1011234271564	9
CR_171	30	40.217633915694236	9
CR_163	63	53.81512531052287	9
CR_059	48	50.834683028158544	9
CR_054	32	43.08327461261817	9
CR_140	55	49.77745479133448	9
CR_135	41	44.12145501094148	9
CR_131	72	65.32281872119839	9
CR_036	66	47.78468050975183	9
