Subject	Age	Preds	Fold
CR_121	64	48.46580171833928	2
CR_114	37	46.68322229971705	2
CR_105	42	37.11307734972318	2
CR_098	27	21.7115183609664	2
CR_095	46	37.475551797020245	2
CR_087	31	35.846475961911665	2
CR_077	57	67.56150045322855	2
CR_169	34	30.125142421747974	2
CR_064	69	62.13172548248576	2
CR_129	50	63.008977133267024	2
CR_126	52	42.50394855678496	2
CR_041	60	60.7911223810447	2
CR_027	22	21.81897348269843	2
