Subject	Age	Preds	Fold
CR_119	52	38.952561213212675	2
CR_088	27	30.792197467916218	2
CR_077	57	57.2913468757857	2
CR_151	50	46.19892073440991	2
CR_150	34	36.57899682147386	2
CR_074	31	37.11178888281808	2
CR_064	69	63.58655043863107	2
CR_136	37	28.611831531620243	2
CR_034	46	45.97781852810643	2
CR_031	42	35.98807219706295	2
CR_030	61	62.509762829264716	2
CR_028	64	60.18030749485516	2
CR_027	22	18.727699789074144	2
