Subject	Age	Preds	Fold
CR_116	63	63.69277729981651	0
CR_114	37	37.39200463228512	0
CR_112	67	63.021264814354794	0
CR_110	20	23.825142495241987	0
CR_107	33	31.685638014693737	0
CR_105	42	44.86851792325734	0
CR_184	45	38.846645167899396	0
CR_092	26	28.943084155833045	0
CR_091	30	35.09838178678288	0
CR_156	60	54.555689512490446	0
CR_126	52	43.08463923896988	0
CR_046	48	47.380844618738415	0
CR_045	56	47.77770154312369	0
