Subject	Age	Preds	Fold
CR_100	25	40.663274836111825	9
CR_089	63	47.5128163650531	9
CR_173	36	41.50708420459553	9
CR_171	30	45.74434624872292	9
CR_075	56	52.91853633276118	9
CR_065	59	42.41254554844096	9
CR_059	48	42.38834274995794	9
CR_057	67	52.76632872248896	9
CR_054	32	43.48671824409653	9
CR_135	41	37.658329479654896	9
CR_044	51	49.81963191146577	9
CR_039	74	55.823242308495196	9
CR_032	45	41.759875061741305	9
