Subject	Age	Preds	Fold
CR_100	25	23.997339317106064	9
CR_089	63	61.503752105002334	9
CR_173	36	45.012527173610444	9
CR_171	30	37.95218875159198	9
CR_075	56	51.919677364240414	9
CR_065	59	55.00911853197887	9
CR_059	48	48.408026897800084	9
CR_057	67	64.05978755676165	9
CR_054	32	38.24924629428311	9
CR_135	41	40.381028047692936	9
CR_044	51	49.32053583744975	9
CR_039	74	66.17223779811634	9
CR_032	45	50.95899958481393	9
