Subject	Age	Preds	Fold
CR_122	59	59.33281686943879	8
CR_103	30	33.98977167715862	8
CR_186	44	44.70941921058802	8
CR_182	51	50.32745476469212	8
CR_181	48	54.133279765247806	8
CR_163	63	56.16556598324975	8
CR_162	32	38.874276961628	8
CR_159	24	36.1700421486284	8
CR_066	35	38.638374154747	8
CR_140	55	45.55471288298071	8
CR_131	72	65.41729037550802	8
CR_049	40	43.7014185285717	8
CR_036	66	50.849926499688436	8
