Subject	Age	Preds	Fold
CR_100	25	35.737086412261135	9
CR_089	63	58.38287658338064	9
CR_173	36	46.74162447708515	9
CR_171	30	41.9396792846976	9
CR_075	56	51.46352352507435	9
CR_065	59	50.28266016341665	9
CR_059	48	53.97289920557288	9
CR_057	67	57.279618730688725	9
CR_054	32	37.77278756414014	9
CR_135	41	41.04242807231712	9
CR_044	51	49.66508265496447	9
CR_039	74	66.32380823261802	9
CR_032	45	52.86834056955032	9
