Subject	Age	Preds	Fold
CR_087	31	46.47286821705426	1
CR_084	60	46.47286821705426	1
CR_168	33	46.47286821705426	1
CR_166	26	46.47286821705426	1
CR_161	45	46.47286821705426	1
CR_072	69	46.47286821705426	1
CR_147	37	46.47286821705426	1
CR_145	64	46.47286821705426	1
CR_144	52	46.47286821705426	1
CR_137	42	46.47286821705426	1
CR_134	57	46.47286821705426	1
CR_129	50	46.47286821705426	1
CR_038	21	46.47286821705426	1
