Subject	Age	Preds	Fold
CR_030	61	53.32649968925013	6
CR_047	71	62.073793550290254	6
CR_048	35	47.17234715688316	6
CR_059	48	50.447743708315166	6
CR_077	57	61.02354436084871	6
CR_078	29	41.95144696602474	6
CR_081	39	44.98310089179113	6
CR_093	51	50.41721483051112	6
CR_109	32	30.033545669569538	6
CR_145	64	57.23662158931374	6
CR_154	44	41.73903576123774	6
CR_159	24	34.04829165652315	6
