Subject	Age	Preds	Fold
CR_119	52	39.19340752884991	2
CR_088	27	36.57904216861662	2
CR_077	57	51.071531930183795	2
CR_151	50	39.76181886590281	2
CR_150	34	40.266298299611634	2
CR_074	31	49.08864847263557	2
CR_064	69	49.85442603104471	2
CR_136	37	42.387057057369674	2
CR_034	46	42.48798035410676	2
CR_031	42	38.79677779603	2
CR_030	61	50.8364468878314	2
CR_028	64	48.38870972124661	2
CR_027	22	32.8708799964959	2
