Subject	Age	Preds	Fold
CR_116	63	46.53488372093023	0
CR_114	37	46.53488372093023	0
CR_112	67	46.53488372093023	0
CR_110	20	46.53488372093023	0
CR_107	33	46.53488372093023	0
CR_105	42	46.53488372093023	0
CR_184	45	46.53488372093023	0
CR_092	26	46.53488372093023	0
CR_091	30	46.53488372093023	0
CR_156	60	46.53488372093023	0
CR_126	52	46.53488372093023	0
CR_046	48	46.53488372093023	0
CR_045	56	46.53488372093023	0
