Subject	Age	Preds	Fold
CR_040	38	39.70089103548712	5
CR_047	71	67.20334541164624	5
CR_077	57	64.94752584788054	5
CR_079	53	47.91437929451009	5
CR_085	51	47.32307149118161	5
CR_104	23	22.955935398888386	5
CR_109	32	29.75161754944016	5
CR_115	28	33.94607394514418	5
CR_138	43	46.46762448051695	5
CR_143	65	62.3340538486652	5
CR_146	62	53.77918485444002	5
CR_153	46	46.43086152060185	5
CR_169	34	39.082217679042586	5
