Subject	Age	Preds	Fold
CR_115	28	46.741136450971155	4
CR_113	31	39.512346609353365	4
CR_111	22	35.224003272172155	4
CR_106	51	34.24439889796176	4
CR_174	52	36.12904433202841	4
CR_099	62	44.38501949587473	4
CR_097	57	44.6325240754906	4
CR_080	34	45.13886030323246	4
CR_143	65	39.69978646719159	4
CR_047	71	54.569871847407555	4
CR_042	43	45.54626452308025	4
CR_040	38	44.58996361707041	4
CR_037	46	51.50382023378196	4
