Subject	Age	Preds	Fold
CR_096	66	63.36438694655938	7
CR_093	51	60.546248220530785	7
CR_081	39	42.46482412377275	7
CR_078	29	30.629601825106754	7
CR_167	48	49.56231323365534	7
CR_155	32	32.40721088684949	7
CR_154	44	46.86577402143012	7
CR_073	72	63.88668879297752	7
CR_063	24	30.816682748375797	7
CR_052	54	57.039863966987	7
CR_146	62	64.60992582956615	7
CR_048	35	41.647545413669214	7
CR_029	58	61.8459280336637	7
