Subject	Age	Preds	Fold
CR_119	52	50.43521649022449	2
CR_088	27	35.030546887140765	2
CR_077	57	64.72478736856402	2
CR_151	50	53.058252377214146	2
CR_150	34	46.49454575577273	2
CR_074	31	42.90842498614909	2
CR_064	69	62.70261571223113	2
CR_136	37	33.55156320645442	2
CR_034	46	47.178489599864164	2
CR_031	42	33.27937413643636	2
CR_030	61	53.96137387305756	2
CR_028	64	54.40629922141666	2
CR_027	22	21.23768364393088	2
