Subject	Age	Preds	Fold
CR_040	38	50.06210454777301	2
CR_064	69	62.37076863227587	2
CR_065	59	54.89828350834464	2
CR_068	42	32.21194471051861	2
CR_070	22	26.88246064409671	2
CR_079	53	53.109723692384115	2
CR_085	51	52.18738436785881	2
CR_087	31	35.85962741383154	2
CR_088	27	35.605989708673974	2
CR_095	46	33.84061126929227	2
CR_150	34	51.27678874861841	2
CR_163	63	52.829404436814094	2
