Subject	Age	Preds	Fold
CR_038	21	31.347870212749548	1
CR_057	67	64.51263174572384	1
CR_074	31	42.70464054992318	1
CR_080	34	39.870567860892315	1
CR_098	27	20.25491566219603	1
CR_105	42	33.65700707974398	1
CR_106	51	43.63163084476638	1
CR_114	37	42.545206140647245	1
CR_116	63	60.38848075463608	1
CR_118	53	50.700406017857645	1
CR_122	59	53.73335410201678	1
CR_153	46	50.22859969116822	1
