Subject	Age	Preds	Fold
CR_034	46	45.17560502035607	3
CR_052	54	50.69673113737351	3
CR_055	38	38.83911663441991	3
CR_072	69	55.927781738302485	3
CR_083	51	47.378051807204244	3
CR_084	60	56.13007203535461	3
CR_089	63	56.424481231794815	3
CR_111	22	25.535311836350385	3
CR_125	34	40.943213905803766	3
CR_172	28	38.19000747724108	3
CR_175	43	44.73281980330199	3
CR_177	31	28.03569342108012	3
