Subject	Age	Preds	Fold
CR_119	52	32.54588872523248	2
CR_088	27	53.22206456478633	2
CR_077	57	46.57332603161807	2
CR_151	50	46.47377553462481	2
CR_150	34	46.56426994926106	2
CR_074	31	43.064458857971545	2
CR_064	69	-61.18951634108744	2
CR_136	37	47.350750762701125	2
CR_034	46	50.42135712824691	2
CR_031	42	38.926941439372754	2
CR_030	61	42.12620724123917	2
CR_028	64	39.21663255934028	2
CR_027	22	47.47708807260547	2
