Subject	Age	Preds	Fold
CR_094	45	48.89795658123055	9
CR_096	66	51.91604564344397	9
CR_101	41	39.94956121009895	9
CR_103	30	36.58859459179467	9
CR_107	33	31.607950809354854	9
CR_124	26	46.61303716746255	9
CR_129	50	60.04510112542334	9
CR_131	72	65.84421430001143	9
CR_136	37	34.656395512917044	9
CR_144	52	45.7438466511865	9
CR_157	62	58.578066517272404	9
CR_160	57	53.625054033670175	9
