Subject	Age	Preds	Fold
CR_029	58	49.908555526479354	0
CR_031	42	33.480344043483655	0
CR_037	46	47.52804153012025	0
CR_053	37	38.35737895357847	0
CR_082	33	49.244757921263954	0
CR_099	62	61.86479792881417	0
CR_110	20	33.52433749212543	0
CR_112	67	55.837920817991005	0
CR_113	31	42.73933968961843	0
CR_139	51	56.93251833553419	0
CR_142	52	45.99259926002365	0
CR_166	26	31.11029955466453	0
