Subject	Age	Preds	Fold
CR_124	26	53.30156709038527	10
CR_117	56	51.996671648094626	10
CR_101	41	42.648841320188886	10
CR_094	45	45.956579753747604	10
CR_090	63	57.95334896789959	10
CR_082	33	46.79575238079553	10
CR_170	30	38.31657654566361	10
CR_071	67	57.52028943407477	10
CR_062	48	44.6648585883351	10
CR_053	37	40.292949857630795	10
CR_142	52	47.69639976927732	10
CR_041	60	66.65117487125414	10
