Subject	Age	Preds	Fold
CR_178	62	42.34828072743038	5
CR_176	57	50.72438253699492	5
CR_085	51	54.32556536327564	5
CR_079	53	52.56552780038117	5
CR_076	65	40.873753252458805	5
CR_172	28	43.004233632425	5
CR_165	71	53.04241601865784	5
CR_164	34	41.38474477823514	5
CR_153	46	52.602091436038414	5
CR_138	43	38.14377606113001	5
CR_133	38	53.40179794736304	5
CR_128	32	39.90677714978629	5
CR_043	23	36.081581050325426	5
