Subject	Age	Preds	Fold
CR_097	57	44.6455226938277	3
CR_088	27	32.7926565922195	3
CR_083	51	47.403727936455994	3
CR_150	34	44.99789300918913	3
CR_074	31	41.809760515114185	3
CR_072	69	59.42465328393186	3
CR_070	22	21.233375314219806	3
CR_069	52	50.006270125085706	3
CR_137	42	53.93298846099309	3
CR_040	38	40.30257156293633	3
CR_037	46	42.31167332335258	3
CR_030	61	50.48857624620914	3
CR_028	64	57.35655370470951	3
