Subject	Age	Preds	Fold
CR_124	26	46.33846153846154	10
CR_117	56	46.33846153846154	10
CR_101	41	46.33846153846154	10
CR_094	45	46.33846153846154	10
CR_090	63	46.33846153846154	10
CR_082	33	46.33846153846154	10
CR_170	30	46.33846153846154	10
CR_071	67	46.33846153846154	10
CR_062	48	46.33846153846154	10
CR_053	37	46.33846153846154	10
CR_142	52	46.33846153846154	10
CR_041	60	46.33846153846154	10
