Subject	Age	Preds	Fold
CR_115	28	40.95016017144512	4
CR_113	31	45.85828628306565	4
CR_111	22	49.24779338900247	4
CR_106	51	56.9252932150052	4
CR_174	52	54.80491982064552	4
CR_099	62	53.864152979559066	4
CR_097	57	50.665411698023306	4
CR_080	34	39.510663032866596	4
CR_143	65	66.04343583330848	4
CR_047	71	55.132847558400734	4
CR_042	43	43.64442404419361	4
CR_040	38	46.870607437589584	4
CR_037	46	40.14099293256356	4
