Subject	Age	Preds	Fold
CR_120	39	43.8383972167702	6
CR_109	32	31.404888626299	6
CR_108	71	68.70628413587306	6
CR_104	23	21.172801567677904	6
CR_180	65	53.27672555877831	6
CR_175	43	39.02401575838515	6
CR_086	29	32.1676663702184	6
CR_083	51	54.28666568450417	6
CR_169	34	36.5017501559864	6
CR_157	62	58.025411564438905	6
CR_152	47	46.21137986951252	6
CR_061	54	53.59931924523573	6
CR_050	58	56.70178987826858	6
