Subject	Age	Preds	Fold
CR_094	45	46.139881613239815	9
CR_096	66	51.510242814633706	9
CR_101	41	40.037628895793624	9
CR_103	30	34.47341235278364	9
CR_107	33	30.60276688620258	9
CR_124	26	47.38479822476777	9
CR_129	50	60.5459864142306	9
CR_131	72	66.12752453848097	9
CR_136	37	33.255755080732484	9
CR_144	52	43.83526645501022	9
CR_157	62	56.860193497379086	9
CR_160	57	52.94882556098503	9
