Subject	Age	Preds	Fold
CR_032	45	51.15065553017923	7
CR_049	40	40.639218532306266	7
CR_063	24	34.22092392518464	7
CR_066	35	42.65405285854414	7
CR_097	57	48.818077656033765	7
CR_126	52	41.87684380001497	7
CR_130	61	54.659944367733466	7
CR_143	65	69.13054657741478	7
CR_162	32	37.741533497286866	7
CR_165	71	56.794091648337464	7
CR_167	48	54.66889682231931	7
CR_170	30	37.10767140754281	7
