Subject	Age	Preds	Fold
CR_040	38	41.6770546950866	2
CR_064	69	64.89560854433496	2
CR_065	59	52.94069659297801	2
CR_068	42	41.74329045410754	2
CR_070	22	17.17010405607011	2
CR_079	53	39.25124096451148	2
CR_085	51	43.44533263780673	2
CR_087	31	34.748082307638434	2
CR_088	27	34.488446039305465	2
CR_095	46	39.83750222630179	2
CR_150	34	40.44055137419922	2
CR_163	63	58.715515758109234	2
