Subject	Age	Preds	Fold
CR_119	52	52.392393751436806	0
CR_117	56	42.06005030812241	0
CR_116	63	58.52811171192347	0
CR_110	20	33.752430902211486	0
CR_107	33	36.376956795247615	0
CR_103	30	36.69495299055596	0
CR_092	26	28.88305318053408	0
CR_084	60	55.205403693005316	0
CR_167	48	49.72232181744992	0
CR_057	67	61.30778527899707	0
CR_147	37	44.8482267398094	0
CR_032	45	49.8972576665818	0
CR_031	42	31.882463267168784	0
