Subject	Age	Preds	Fold
CR_034	46	51.36580815898864	3
CR_052	54	41.83122918462757	3
CR_055	38	41.730635625709425	3
CR_072	69	52.499987112008554	3
CR_083	51	51.734009321859425	3
CR_084	60	59.919088739468606	3
CR_089	63	60.1217946475595	3
CR_111	22	24.885434521441994	3
CR_125	34	43.33279752148809	3
CR_172	28	31.13418193181434	3
CR_175	43	38.89398007685268	3
CR_177	31	40.831827363209214	3
