Subject	Age	Preds	Fold
CR_038	21	27.331582740537623	1
CR_057	67	53.62499177636881	1
CR_074	31	42.5681499409299	1
CR_080	34	39.9802865520756	1
CR_098	27	23.786963114002916	1
CR_105	42	32.375627924758845	1
CR_106	51	40.6217497084833	1
CR_114	37	44.83822191170998	1
CR_116	63	50.4803077403507	1
CR_118	53	62.28744183565614	1
CR_122	59	52.71824167064762	1
CR_153	46	43.51451382945362	1
