Subject	Age	Preds	Fold
CR_100	25	46.16279069767442	9
CR_089	63	46.16279069767442	9
CR_173	36	46.16279069767442	9
CR_171	30	46.16279069767442	9
CR_075	56	46.16279069767442	9
CR_065	59	46.16279069767442	9
CR_059	48	46.16279069767442	9
CR_057	67	46.16279069767442	9
CR_054	32	46.16279069767442	9
CR_135	41	46.16279069767442	9
CR_044	51	46.16279069767442	9
CR_039	74	46.16279069767442	9
CR_032	45	46.16279069767442	9
