Subject	Age	Preds	Fold
CR_045	56	51.772777345359906	5
CR_086	29	39.93382199276047	5
CR_104	23	27.54852541141518	5
CR_108	71	64.98674216605102	5
CR_120	39	39.08157347219344	5
CR_121	64	53.96475211612044	5
CR_138	43	43.555841472139825	5
CR_155	32	39.49208677719514	5
CR_156	60	52.78282362512532	5
CR_164	34	34.31239174970498	5
CR_181	48	53.11164129840198	5
CR_182	51	52.005329413109436	5
