Subject	Age	Preds	Fold
CR_096	66	49.10438626468713	7
CR_093	51	54.68053358930081	7
CR_081	39	43.71704454035333	7
CR_078	29	38.61662980630546	7
CR_167	48	51.875047546881454	7
CR_155	32	43.417531926485466	7
CR_154	44	44.56518802444554	7
CR_073	72	61.57437631660578	7
CR_063	24	39.37453809554537	7
CR_052	54	51.481605442833	7
CR_146	62	47.20965250922302	7
CR_048	35	47.404354762600775	7
CR_029	58	41.624285896309985	7
