Subject	Age	Preds	Fold
CR_032	45	50.826498898765024	7
CR_049	40	42.24096852631927	7
CR_063	24	33.21569572897235	7
CR_066	35	42.39941282863226	7
CR_097	57	49.468357566339094	7
CR_126	52	41.461699062488975	7
CR_130	61	54.78995332917642	7
CR_143	65	68.43688244036088	7
CR_162	32	38.234740724164375	7
CR_165	71	55.76743281680034	7
CR_167	48	54.325751313725064	7
CR_170	30	37.927800413261245	7
