Subject	Age	Preds	Fold
CR_113	31	36.69318243102516	4
CR_111	22	24.650998175549827	4
CR_093	51	54.03114363030424	4
CR_172	28	43.42620953106143	4
CR_164	34	37.880730790630615	4
CR_055	38	44.138329055496854	4
CR_145	64	55.193517034645296	4
CR_144	52	51.26557320405989	4
CR_134	57	59.61601081067034	4
CR_130	61	57.877785317427865	4
CR_042	43	50.04179187657856	4
CR_035	70	61.8262113727105	4
CR_034	46	50.635575404166715	4
