Subject	Age	Preds	Fold
CR_096	66	42.281149248534966	7
CR_093	51	57.086851908801016	7
CR_081	39	51.17100966454614	7
CR_078	29	49.47533888880846	7
CR_167	48	46.18727445091926	7
CR_155	32	43.46982586306928	7
CR_154	44	52.20306436170789	7
CR_073	72	55.35308853570301	7
CR_063	24	53.36708889268739	7
CR_052	54	38.39778263079486	7
CR_146	62	55.83565411116881	7
CR_048	35	50.81354858436647	7
CR_029	58	40.95709269135739	7
