Subject	Age	Preds	Fold
CR_035	70	64.71093704268776	4
CR_041	60	62.07747373294755	4
CR_042	43	47.250752517422534	4
CR_043	23	29.966749592019145	4
CR_044	51	48.29315538459626	4
CR_054	32	41.746255359694835	4
CR_090	63	56.40296822366528	4
CR_115	28	36.21002694491227	4
CR_133	38	59.071486612018326	4
CR_140	55	48.888983408319895	4
CR_152	47	53.11492538801206	4
CR_169	34	35.081625181713434	4
