Subject	Age	Preds	Fold
CR_184	45	39.70125166457795	1
CR_177	31	30.003896357447417	1
CR_089	63	57.2070683528287	1
CR_082	33	50.22680845231539	1
CR_166	26	32.48983257659884	1
CR_156	60	51.060590766404474	1
CR_151	50	52.284916226469086	1
CR_071	67	59.07657935618225	1
CR_068	42	33.763809384733555	1
CR_142	52	43.717884182417095	1
CR_136	37	32.153153797525114	1
CR_045	56	53.006123768784086	1
CR_038	21	29.130392752976427	1
