Subject	Age	Preds	Fold
CR_038	21	30.49500085677683	1
CR_045	56	51.5062390361679	1
CR_071	67	54.460694119115125	1
CR_084	60	56.8253197590681	1
CR_105	42	34.80909943652347	1
CR_107	33	30.940257919976474	1
CR_113	31	35.78622542664619	1
CR_114	37	44.52026244241775	1
CR_116	63	57.76861706566214	1
CR_124	26	53.80451362125652	1
CR_142	52	44.58745745288797	1
CR_151	50	55.20594856182002	1
CR_161	45	43.12211550970214	1
