Subject	Age	Preds	Fold
CR_027	22	20.664347785641727	2
CR_064	69	63.71390589947082	2
CR_068	42	35.66354448170057	2
CR_095	46	38.86444795535414	2
CR_098	27	18.10191568920582	2
CR_121	64	50.20072294186972	2
CR_129	50	59.670256516705194	2
CR_147	37	41.19723680936905	2
CR_156	60	53.738501037368124	2
CR_160	57	53.722680527494944	2
CR_164	34	41.175373857836476	2
CR_174	52	48.1247289020611	2
CR_177	31	27.892386208093562	2
