Subject	Age	Preds	Fold
CR_042	43	51.17954416706973	6
CR_043	23	26.36121674015539	6
CR_076	65	57.20944944529448	6
CR_086	29	39.519346367393	6
CR_108	71	67.76359721209056	6
CR_118	53	53.618913115716296	6
CR_120	39	46.64107695509439	6
CR_139	51	53.513756195598006	6
CR_150	34	40.815755944104325	6
CR_152	47	50.92023171254368	6
CR_155	32	40.508275454527826	6
CR_176	57	54.16219349604522	6
CR_178	62	60.42864242569635	6
