Subject	Age	Preds	Fold
CR_040	38	42.21604668342096	2
CR_064	69	59.5676706173772	2
CR_065	59	52.64490523629793	2
CR_068	42	33.24161644378065	2
CR_070	22	24.155994937000262	2
CR_079	53	46.45186111090662	2
CR_085	51	49.866212676947036	2
CR_087	31	36.59241997625148	2
CR_088	27	33.46983984232423	2
CR_095	46	38.15969350696174	2
CR_150	34	37.510927685767925	2
CR_163	63	56.96652338091301	2
