Subject	Age	Preds	Fold
CR_122	59	54.28932660930044	8
CR_103	30	48.582506763780955	8
CR_186	44	43.718777142034604	8
CR_182	51	53.74928043618604	8
CR_181	48	35.85716913291738	8
CR_163	63	46.36052883573859	8
CR_162	32	42.40383644023801	8
CR_159	24	39.344012505119075	8
CR_066	35	49.34051271184299	8
CR_140	55	45.36660959275748	8
CR_131	72	56.143431781876544	8
CR_049	40	35.070492024739934	8
CR_036	66	53.217103517745414	8
