Subject	Age	Preds	Fold
CR_115	28	48.11718398251034	4
CR_113	31	45.63558499956416	4
CR_111	22	48.743050924454295	4
CR_106	51	43.402320175259504	4
CR_174	52	42.917875390248795	4
CR_099	62	48.34777093111956	4
CR_097	57	43.45051931093912	4
CR_080	34	48.63146747619069	4
CR_143	65	44.70434211398352	4
CR_047	71	46.69316156687347	4
CR_042	43	46.470581321303996	4
CR_040	38	46.182323654737885	4
CR_037	46	46.50824959127671	4
