Subject	Age	Preds	Fold
CR_120	39	43.622198620425955	6
CR_109	32	43.63795537909231	6
CR_108	71	57.567746744553276	6
CR_104	23	35.55256704744446	6
CR_180	65	38.13151611692591	6
CR_175	43	48.44789326537291	6
CR_086	29	41.152215159134855	6
CR_083	51	54.718829529174286	6
CR_169	34	42.944076310041474	6
CR_157	62	51.150962589489225	6
CR_152	47	46.42495136744382	6
CR_061	54	38.969595097475434	6
CR_050	58	43.5341805558876	6
