Subject	Age	Preds	Fold
CR_121	64	53.369134006707185	3
CR_177	31	29.474614360271683	3
CR_098	27	19.09288812345027	3
CR_095	46	37.29796955677404	3
CR_160	57	52.210549038030955	3
CR_070	22	23.662612569154426	3
CR_069	52	48.13801951820223	3
CR_068	42	37.1535659399725	3
CR_055	38	41.849528974334106	3
CR_139	51	51.9762983125848	3
CR_130	61	54.40655998121186	3
CR_125	34	38.99937088228237	3
CR_035	70	66.82567069870007	3
