Subject	Age	Preds	Fold
CR_119	52	58.648087700233326	2
CR_088	27	31.970441501742684	2
CR_077	57	57.572166877711965	2
CR_151	50	55.41747478824468	2
CR_150	34	46.825029933768825	2
CR_074	31	48.38520146624991	2
CR_064	69	62.29304831547646	2
CR_136	37	35.311916333711466	2
CR_034	46	51.063058581168676	2
CR_031	42	26.604435048949746	2
CR_030	61	52.79056865399641	2
CR_028	64	57.84795952896034	2
CR_027	22	20.639077832994392	2
