Subject	Age	Preds	Fold
CR_115	28	31.786532368215724	4
CR_113	31	35.00003054444102	4
CR_111	22	25.428357120390253	4
CR_106	51	56.007433191842395	4
CR_174	52	53.49009261090622	4
CR_099	62	61.13807269346282	4
CR_097	57	54.633022908098674	4
CR_080	34	35.820033878674565	4
CR_143	65	61.93512324969542	4
CR_047	71	68.47751136181786	4
CR_042	43	40.63322705724765	4
CR_040	38	41.74770518490832	4
CR_037	46	50.81199033512067	4
