Subject	Age	Preds	Fold
CR_030	61	54.441239123353334	6
CR_047	71	62.322254019888874	6
CR_048	35	39.21166487360447	6
CR_059	48	52.12299737646531	6
CR_077	57	58.35191099696995	6
CR_078	29	46.599646218080665	6
CR_081	39	31.771973618982884	6
CR_093	51	54.55194208540064	6
CR_109	32	32.01151286471279	6
CR_145	64	64.60580509003066	6
CR_154	44	47.589056226913875	6
CR_159	24	39.22298030927757	6
