Subject	Age	Preds	Fold
CR_048	35	49.539960679194245	8
CR_049	40	41.60991063118853	8
CR_050	58	48.16898673601025	8
CR_054	32	42.97384638036473	8
CR_061	54	53.10617717792768	8
CR_062	48	42.975608194781735	8
CR_091	30	40.367312604958464	8
CR_096	66	53.00515068288951	8
CR_131	72	65.11478134501056	8
CR_157	62	58.30730689252823	8
CR_159	24	33.18477571684949	8
CR_182	51	51.120526709815366	8
CR_186	44	45.48758261587057	8
