Subject	Age	Preds	Fold
CR_120	39	46.310077519379846	6
CR_109	32	46.310077519379846	6
CR_108	71	46.310077519379846	6
CR_104	23	46.310077519379846	6
CR_180	65	46.310077519379846	6
CR_175	43	46.310077519379846	6
CR_086	29	46.310077519379846	6
CR_083	51	46.310077519379846	6
CR_169	34	46.310077519379846	6
CR_157	62	46.310077519379846	6
CR_152	47	46.310077519379846	6
CR_061	54	46.310077519379846	6
CR_050	58	46.310077519379846	6
