Subject	Age	Preds	Fold
CR_178	62	48.86283922981559	5
CR_176	57	44.90137242063015	5
CR_085	51	44.194044325709285	5
CR_079	53	44.40464721685263	5
CR_076	65	49.68548679896052	5
CR_172	28	46.922517303546456	5
CR_165	71	47.424218954825456	5
CR_164	34	47.19869465980777	5
CR_153	46	45.460422272403235	5
CR_138	43	45.99106553263305	5
CR_133	38	45.89439023375472	5
CR_128	32	46.42007975249862	5
CR_043	23	57.779044473699116	5
