Subject	Age	Preds	Fold
CR_028	64	61.85150106791414	4
CR_034	46	47.60603660461021	4
CR_035	70	67.1522148945541	4
CR_055	38	44.904810832909426	4
CR_080	34	40.355369741236565	4
CR_087	31	32.99407465780851	4
CR_097	57	45.846020254961665	4
CR_106	51	44.631137532562875	4
CR_111	22	26.229826240768393	4
CR_130	61	55.31741756709481	4
CR_144	52	45.974798582919284	4
CR_172	28	38.63873090426532	4
CR_175	43	40.832869656442945	4
