Subject	Age	Preds	Fold
CR_121	64	59.158378819781156	3
CR_177	31	26.2164407197207	3
CR_098	27	23.300218536570263	3
CR_095	46	44.504464881118054	3
CR_160	57	52.268456787381886	3
CR_070	22	25.95163359303529	3
CR_069	52	54.51681420885884	3
CR_068	42	34.17135306069352	3
CR_055	38	39.41361403070091	3
CR_139	51	53.04468601611665	3
CR_130	61	58.908716740069245	3
CR_125	34	39.34684610374393	3
CR_035	70	64.7916192671169	3
