Subject	Age	Preds	Fold
CR_115	28	33.9286576777027	4
CR_113	31	37.35577137590515	4
CR_111	22	22.494532093041798	4
CR_106	51	44.86793824751826	4
CR_174	52	46.88129214421916	4
CR_099	62	56.82814613364239	4
CR_097	57	45.428373265278616	4
CR_080	34	40.76741523006356	4
CR_143	65	61.918423296840004	4
CR_047	71	64.81541658980419	4
CR_042	43	45.03180108118918	4
CR_040	38	43.83651745970405	4
CR_037	46	46.02072568670455	4
