Subject	Age	Preds	Fold
CR_094	45	47.29354243552688	9
CR_096	66	47.96749685549179	9
CR_101	41	44.10804076896823	9
CR_103	30	29.68444550537408	9
CR_107	33	32.510942137818056	9
CR_124	26	45.062284470278364	9
CR_129	50	52.68710509492965	9
CR_131	72	65.59697396119287	9
CR_136	37	37.1181335499746	9
CR_144	52	45.98713318507674	9
CR_157	62	51.92880620212465	9
CR_160	57	41.05605397958991	9
