Subject	Age	Preds	Fold
CR_035	70	65.3175170661871	4
CR_041	60	59.30538408818927	4
CR_042	43	45.970881942848756	4
CR_043	23	31.400074197333687	4
CR_044	51	48.721729276700785	4
CR_054	32	38.871106542105096	4
CR_090	63	54.79959209302115	4
CR_115	28	38.53752018541304	4
CR_133	38	60.07477633827436	4
CR_140	55	48.78961556757344	4
CR_152	47	51.3735040463822	4
CR_169	34	37.09659850547768	4
