Subject	Age	Preds	Fold
CR_178	62	59.34730561964236	5
CR_176	57	50.80367576066912	5
CR_085	51	44.53888609772835	5
CR_079	53	43.09569245624485	5
CR_076	65	60.59328073464307	5
CR_172	28	43.017146137513635	5
CR_165	71	44.04281877465117	5
CR_164	34	42.552672236084895	5
CR_153	46	45.626072861103374	5
CR_138	43	50.64514255554794	5
CR_133	38	46.03053031283646	5
CR_128	32	46.62155108413276	5
CR_043	23	48.722310992701	5
