Subject	Age	Preds	Fold
CR_124	26	24.167290564949077	10
CR_117	56	48.62313893834574	10
CR_101	41	46.75583666454332	10
CR_094	45	44.29753299763343	10
CR_090	63	56.2924014581137	10
CR_082	33	41.05332296679093	10
CR_170	30	39.12140469916344	10
CR_071	67	66.34094241878532	10
CR_062	48	44.40538864598309	10
CR_053	37	39.32151626651281	10
CR_142	52	52.93329034726508	10
CR_041	60	63.297070922884814	10
