Subject	Age	Preds	Fold
CR_039	74	68.10878044064245	10
CR_046	48	38.46689060057282	10
CR_057	67	64.42160158988989	10
CR_069	52	45.01939042673787	10
CR_082	33	50.062922760547124	10
CR_090	63	58.56930770681331	10
CR_092	26	36.273863669719795	10
CR_094	45	48.64325461981862	10
CR_117	56	51.5507675986003	10
CR_122	59	56.81618195275915	10
CR_135	41	40.98371427276093	10
CR_136	37	33.59642521578091	10
CR_171	30	34.00366595624466	10
