Subject	Age	Preds	Fold
CR_100	25	33.032370749657794	9
CR_089	63	56.69875241426183	9
CR_173	36	44.048158351066405	9
CR_171	30	38.59562586784159	9
CR_075	56	52.220478970018526	9
CR_065	59	50.069601120164	9
CR_059	48	50.16169383746526	9
CR_057	67	58.60919242908578	9
CR_054	32	36.85574559987532	9
CR_135	41	36.166911796342816	9
CR_044	51	46.63698005221609	9
CR_039	74	67.11763540420242	9
CR_032	45	49.96199356708392	9
