Subject	Age	Preds	Fold
CR_121	64	49.52385750688766	3
CR_177	31	41.36894878929152	3
CR_098	27	39.22666915770293	3
CR_095	46	42.607780292880705	3
CR_160	57	44.04547334897106	3
CR_070	22	37.733782123819054	3
CR_069	52	59.16773808411114	3
CR_068	42	36.659655203691834	3
CR_055	38	46.038664493012206	3
CR_139	51	49.305639687440696	3
CR_130	61	48.64158269000507	3
CR_125	34	56.66043485789456	3
CR_035	70	50.10588081924952	3
