Subject	Age	Preds	Fold
CR_120	39	41.43415850265165	7
CR_108	71	68.93335170041229	7
CR_186	44	48.29456031911797	7
CR_180	65	60.80883897142252	7
CR_099	62	57.594675100432525	7
CR_078	29	37.09938805215763	7
CR_162	32	37.10785518288586	7
CR_066	35	46.24872662983829	7
CR_063	24	37.02516745902483	7
CR_061	54	56.480585880788	7
CR_139	51	56.24633434437548	7
CR_050	58	48.04439403700018	7
CR_046	48	39.382550513117394	7
