Subject	Age	Preds	Fold
CR_045	56	51.27660133606861	5
CR_086	29	38.801630537976465	5
CR_104	23	20.976461360128038	5
CR_108	71	66.92945585193127	5
CR_120	39	42.12447219565262	5
CR_121	64	52.556942142400985	5
CR_138	43	44.83629941071808	5
CR_155	32	39.647751261058175	5
CR_156	60	51.28989348430106	5
CR_164	34	41.740251201362526	5
CR_181	48	48.61948758752853	5
CR_182	51	49.84390320799051	5
