Subject	Age	Preds	Fold
CR_178	62	64.18350040569128	5
CR_176	57	51.360455500864745	5
CR_085	51	45.22495469817035	5
CR_079	53	45.57239061458782	5
CR_076	65	57.783489443256116	5
CR_172	28	42.155875892299605	5
CR_165	71	59.11485414467849	5
CR_164	34	40.80484591852007	5
CR_153	46	50.59467507833975	5
CR_138	43	47.9074282700411	5
CR_133	38	57.63379332926283	5
CR_128	32	34.322806107802535	5
CR_043	23	24.807709410829165	5
